mv 2one 2one
mv Ace-Blue-dev-20050227 Ace-Blue
mv Ace-Green Ace-Green
mv AceBlack AceBlack
mv Agualemon-dev-20050227 Agualemon
mv Airlock Airlock
mv Axios Axios
mv Bluu Bluu
mv CDE CDE
mv Cust Cust
mv DIVERSITY05-0.1.4pre2 Diversity
mv Detour Detour
mv Detroit-dev-20050227 Detroit
mv Faith-0.1.4pre1 Faith
mv FallWithMe FallWithMe
mv FatalE-dev-20050227 FatalE
mv Gravity Gravity
mv ICE ICE
mv Ikaro-p Ikaro-p
mv Industrial Industrial
mv Japan Japan
mv JapanBeos JapanBeos
mv LEDS LEDS
mv LightOne LightOne
mv MilkChrome MilkChrome
mv Milk_v_2.0 Milk
mv OB-OpusOS-dev-20050227 OB-OpusOS
mv OfficeBlue-dev-20050227 OfficeBlue
mv Opus3 Opus3
mv Opus3_blue Opus3_blue
mv OpusOS-Blue OpusOS-Blue
mv OpusOS-Deep OpusOS-Deep
mv PhaseChange PhaseChange
mv PhaseChange-Border PhaseChange-Border
mv Pix-dev-20050227 Pix
mv Pix2-dev-20050227 Pix2
mv PoohOne PoohOne
mv QNX-Blue-dev-20050227 QNX-Blue
mv QNX-Green-dev-20050227 QNX-Green
mv QNX-Midnight-dev-20050227 QNX-Midnight
mv QNX-Mono-dev-20050227 QNX-Mono
mv QNX-Orange-dev-20050227 QNX-Orange
mv Recurve-Square-dev-20050227 Recurve-Square
mv Recurve-dev-20050227 Recurve
mv Rhapsodized-Micro-dev-20050227 Rhapsodized-Micro
mv Rhapsodized-dev-20050227 Rhapsodized
mv Silver Silver
mv Simple_White Simple_White
mv Smoke Smoke
mv SmoothSG SmoothSG
mv Steph-Remix-dev-20050227 Steph-Remix
mv SwordfishWhite SwordfishWhite
mv Waimea-Blue Waimea-Blue
mv Waimea-Blue-sh Waimea-Blue-sh
mv Winter-Square-dev-20050227 Winter-Square
mv Winter-dev-20050227 Winter
mv bluecrux bluecrux
mv clearlooks clearlooks
mv exdefault exdefault
mv fluorescence-r1-dev-20050227 fluorescence
mv fox-0.1.4pre1 fox
mv gant gant
mv grey-world grey-world
mv guli2 guli2
mv ion-cleanice ion-cleanice
mv ion-cleanice-dh3rm3 ion-cleanice
mv lila-rev43 lila
mv m0nst4-dev-20050302 m0nst4
mv mavon-t-pekwm-0.1.4-pre2 mavon-t
mv minimal2-dev-20050209 minimal2
mv mist-ashen mist-ashen
mv old_unix old_unix
mv old_unix-dev-20050227 old_unix
mv openbox openbox
mv p-Grey p-Grey
mv pekdome-pekwm-0.1.4-pre2 pekdome
mv pekwm-graphite-0.1.4pre2 graphite
mv pwm_beos-pekwm-0.1.4pre1 pwm_beos
mv pwm_brownsteel-pekwm014pre1 pwm_brownsteel
mv sharp-rev43 sharp
mv silly-dev-20050227 silly
mv spiff-p-0.1.4pre2 spiff-p
mv winter-rev39 winter
mv wire-dev-20050227 wire
